Suburb,Latitude,Longitude
Melbourne,-37.867214786067024,144.79865729930913
Melbourne,-37.870852247523544,144.80138051060655
Melbourne,-37.861946395410584,144.80678960986285
Melbourne,-37.86565595685676,144.79700357576058
Melbourne,-37.86318196697949,144.80009720368707
Melbourne,-37.85989803616514,144.80960723360775
Melbourne,-37.86256060695477,144.81511712954475
Melbourne,-37.87119301847019,144.80238711693843
Melbourne,-37.87285428101618,144.79865855171977
Melbourne,-37.87041485445664,144.798444649913
Melbourne,-37.86302127159749,144.81417604551294
Melbourne,-37.86321675806472,144.80474535261172
Melbourne,-37.86416704163037,144.8117933764175
Melbourne,-37.86727752534459,144.8082274058803
Melbourne,-37.87249878623984,144.81482658091002
Melbourne,-37.867775904911845,144.80194528520533
Melbourne,-37.876878449487656,144.80124997488787
Melbourne,-37.8756856851855,144.79964840119868
Melbourne,-37.86643912629717,144.81237423371817
Melbourne,-37.86148859487257,144.8050835317404
Melbourne,-37.87121417413916,144.81080483992497
Melbourne,-37.87764641227953,144.8055440243988
Melbourne,-37.85991894022149,144.8086344982572
Melbourne,-37.864741081481576,144.80563563839172
Melbourne,-37.862059650469206,144.79941294789572
Melbourne,-37.86430740252722,144.81386492982168
Melbourne,-37.865933814311255,144.80577751855836
Melbourne,-37.876754241977224,144.79733664520808
Melbourne,-37.874654434647596,144.81457117630336
Melbourne,-37.863063906504365,144.81131419882118
Melbourne,-37.86263503063288,144.81564804351774
Melbourne,-37.87098124407613,144.80960135729921
Melbourne,-37.864585366560696,144.811437388435
Melbourne,-37.87655003059491,144.8090061609928
Melbourne,-37.86685825079419,144.8077735579302
Box Hill,-37.83166111962386,145.087534851471
Box Hill,-37.82606651998208,145.08252750058014
Box Hill,-37.83726185791433,145.07424714648675
Box Hill,-37.8255884156806,145.0781335718636
Box Hill,-37.83899213045432,145.09066585819608
Box Hill,-37.835197002977765,145.08638105159613
Box Hill,-37.82660084958439,145.08985488498385
Box Hill,-37.82887901392732,145.08207709956437
Box Hill,-37.82882249338197,145.0921980281206
Box Hill,-37.82783388364443,145.0852905061977
Box Hill,-37.82438561126183,145.09245600236656
Box Hill,-37.830256819541354,145.08965560319473
Box Hill,-37.83662581958222,145.08233356378642
Box Hill,-37.8355722275869,145.07445002144306
Box Hill,-37.82226104107929,145.0823675293135
Box Hill,-37.82505403725481,145.0790003332267
Box Hill,-37.83238958198383,145.08711450725764
Box Hill,-37.83922657131751,145.08343457333575
Box Hill,-37.83617692911393,145.09227133277017
Box Hill,-37.83419217063135,145.07783541588014
Box Hill,-37.833508129740686,145.0882236301432
Box Hill,-37.82928922285326,145.09078477856502
Box Hill,-37.82653747796192,145.09228020327143
Box Hill,-37.83411861540527,145.07536403654828
Box Hill,-37.83174653453764,145.09057287666295
Box Hill,-37.825856266693265,145.08826830024472
Box Hill,-37.82273353850743,145.07592420960808
Box Hill,-37.829335374119054,145.08921780674476
Box Hill,-37.83903382290903,145.08931220171917
Box Hill,-37.83848058129067,145.07513346549234
Box Hill,-37.825198989821416,145.08351833504202
Box Hill,-37.82892953843265,145.07402015849325
Box Hill,-37.829857553999105,145.08939043586167
Box Hill,-37.82913501714399,145.08112672300882
Box Hill,-37.82717749212951,145.0757300816167
Box Hill,-37.823453259680136,145.0748053281817
Box Hill,-37.83627128378667,145.0909222904604
Box Hill,-37.825385875187266,145.0753356283222
Box Hill,-37.828168882773554,145.07814773957057
Box Hill,-37.82869195826424,145.08258552228878
Box Hill,-37.830584109424684,145.07384751742802
Box Hill,-37.83664146639564,145.07939125469846
Box Hill,-37.836598573316536,145.09027297168768
Box Hill,-37.82991215520421,145.0827432784648
Box Hill,-37.82137053734662,145.07629629590434
Box Hill,-37.82374227705092,145.07790549693433
Box Hill,-37.82331463871916,145.07966123784587
Box Hill,-37.827276379946504,145.08967887651173
Box Hill,-37.83394865240007,145.08519919589594
Box Hill,-37.831105065792094,145.08486862516753
Box Hill,-37.830574343336245,145.07404008681223
Box Hill,-37.82327401841233,145.07378415994637
Box Hill,-37.831577169104655,145.0851783014959
Box Hill,-37.82634694455076,145.08978040272802
Box Hill,-37.82686140000109,145.07678002150138
Box Hill,-37.83283971777015,145.08687329320813
Box Hill,-37.822776620399985,145.08890726877067
Box Hill,-37.83033704789526,145.08420457069775
Box Hill,-37.820382390799665,145.08333904081712
Box Hill,-37.82388967243023,145.07822009066453
Box Hill,-37.826534221393906,145.09041261762505
Box Hill,-37.83427663649539,145.0889652026522
Box Hill,-37.836412120152104,145.07913230523286
Box Hill,-37.829853951652154,145.09303302533868
Box Hill,-37.82479719763295,145.0876596424425
Box Hill,-37.819946950405544,145.0846806530494
Box Hill,-37.82042254487684,145.08913507817115
Box Hill,-37.83760988795961,145.07370834069744
Box Hill,-37.82403057000417,145.08416184352188
Box Hill,-37.8242164925568,145.08197508562148
Box Hill,-37.83408897636138,145.08792196976307
Box Hill,-37.82014874495123,145.07495800881676
Box Hill,-37.824283691212486,145.0907000129963
Box Hill,-37.81996984851023,145.07724782387396
Box Hill,-37.82672453061692,145.08490410223905
Richmond,-37.744169543515845,145.16006368572616
Richmond,-37.74956945934905,145.1696689360559
Richmond,-37.74107779707082,145.1740240156366
Richmond,-37.74767992529571,145.17458789051724
Richmond,-37.74831280029525,145.1684594408494
Richmond,-37.73376415130461,145.1590000388242
Richmond,-37.749902855838,145.1583598049722
Richmond,-37.738012899119326,145.16200664607854
Richmond,-37.7508488256702,145.15546506849367
Richmond,-37.74819585905705,145.1598370430782
Richmond,-37.73950660996746,145.17173876738158
Richmond,-37.73323050907177,145.16389618475023
Richmond,-37.75003125663655,145.15673724510685
Richmond,-37.74597860981797,145.16020286961566
Richmond,-37.74583654519057,145.1619209862791
Richmond,-37.73277577932284,145.15611038964323
Richmond,-37.742692538163524,145.15933092514948
Richmond,-37.74967626251606,145.16637476942526
Richmond,-37.74550899577438,145.164690444792
Richmond,-37.74249142191115,145.15763761076926
Richmond,-37.74599804561511,145.15874134341226
Richmond,-37.74237086978219,145.16599977084263
Richmond,-37.74389482864652,145.15769081286425
Richmond,-37.74635419129177,145.16341852877136
Richmond,-37.73905335332019,145.16377783956543
Richmond,-37.73167973431891,145.16054729345632
Richmond,-37.74802606108512,145.1563240233733
Richmond,-37.74242581877871,145.16377667332108
Richmond,-37.732026874526156,145.15549744771374
Richmond,-37.74162874303174,145.15771746422027
Richmond,-37.73480132457192,145.16582281750607
Richmond,-37.73369023487865,145.16839027613398
Richmond,-37.74702774550566,145.17343490214427
Richmond,-37.741920406379265,145.1702347419518
Richmond,-37.73516427652962,145.17163029372924
Richmond,-37.7416109377796,145.16813367422523
Richmond,-37.73609429957811,145.16348721639162
Richmond,-37.741232665847186,145.1579917848824
Richmond,-37.75029714548288,145.1586872993967
St Kilda,-37.909988335340444,144.95588451186066
St Kilda,-37.91578161114094,144.9601490252835
St Kilda,-37.928051032838674,144.96231490872435
St Kilda,-37.915274765500314,144.95945766924976
St Kilda,-37.92863051525096,144.9428337010529
St Kilda,-37.92453338035157,144.95134224605732
St Kilda,-37.92881146283395,144.9451256261993
St Kilda,-37.91553501609908,144.95131758489853
St Kilda,-37.92006647058802,144.94536182841406
St Kilda,-37.91678026034646,144.95193168020052
St Kilda,-37.92539023651796,144.9504839435704
St Kilda,-37.92840005018977,144.95110284995488
St Kilda,-37.9194487104116,144.94460574958129
St Kilda,-37.92517656627878,144.9611034234934
St Kilda,-37.917172462783746,144.9537564360148
St Kilda,-37.913181019974736,144.9447396312676
St Kilda,-37.91293404389026,144.95330957476597
St Kilda,-37.9265064237768,144.94566783054475
St Kilda,-37.91101473836412,144.94813043396232
St Kilda,-37.91764417055148,144.94931224758886
St Kilda,-37.92098002549589,144.94404604162824
St Kilda,-37.919551783891485,144.95050550058178
St Kilda,-37.91663499343509,144.95141860205257
St Kilda,-37.91276175254559,144.9490946890306
St Kilda,-37.9284992813035,144.96224357146238
St Kilda,-37.92890714379104,144.95774275696962
St Kilda,-37.92188338318768,144.95682769298267
St Kilda,-37.91832537002534,144.9438737039778
St Kilda,-37.922208676894535,144.94737198761746
St Kilda,-37.924026287521336,144.95725446158423
St Kilda,-37.92030855838592,144.95989524772025
St Kilda,-37.92374188310191,144.958759280749
St Kilda,-37.91049576700038,144.95774590720697
St Kilda,-37.91830665706624,144.95783295033553
St Kilda,-37.92677501965501,144.95480533102025
St Kilda,-37.92134088738883,144.95241273635335
St Kilda,-37.92226782680484,144.9536417122837
St Kilda,-37.916053660784826,144.9525020549826
St Kilda,-37.91368843265899,144.95500225894003
St Kilda,-37.91038265463949,144.9589419216132
St Kilda,-37.91046593838728,144.94606395627414
St Kilda,-37.92426642751355,144.95029714337085
St Kilda,-37.91739716944104,144.95889895008554
St Kilda,-37.912336575998346,144.94986123244357
St Kilda,-37.92631549555655,144.9584987799343
St Kilda,-37.91204956374509,144.94561932729616
St Kilda,-37.91834443363236,144.95321653666264
St Kilda,-37.925103378731656,144.94391067537342
St Kilda,-37.91291698817107,144.9600395389415
St Kilda,-37.91348175545783,144.95256054669272
St Kilda,-37.92297617434158,144.95778436982397
St Kilda,-37.91308293098119,144.96173828389126
St Kilda,-37.915033708897795,144.95946699753253
St Kilda,-37.923036477564025,144.94311086310236
St Kilda,-37.9193281729464,144.95499844431782
St Kilda,-37.923023344717706,144.9623521914726
St Kilda,-37.914046608228496,144.94790734716506
St Kilda,-37.917255466779814,144.95468588479014
St Kilda,-37.910358767543094,144.95667677575827
St Kilda,-37.91692514446535,144.9588276376238
St Kilda,-37.91848053824245,144.95767964173788
St Kilda,-37.913472318618076,144.94367305310175
St Kilda,-37.9188739003649,144.95397584737623
St Kilda,-37.9155276868986,144.94990794152767
St Kilda,-37.91274981769775,144.95148864070543
Brunswick,-37.7684880457275,145.11669424772265
Brunswick,-37.765961027043154,145.11172939111498
Brunswick,-37.78282193828706,145.12141865649554
Brunswick,-37.766063567467526,145.11023560481576
Brunswick,-37.77493464755077,145.10435502120376
Brunswick,-37.770031179602256,145.1205456645294
Brunswick,-37.76772244657379,145.1081479514752
Brunswick,-37.77866836890427,145.11384946327917
Brunswick,-37.766425985612976,145.1196577138126
Brunswick,-37.768480448063414,145.11873459411248
Brunswick,-37.76759422317851,145.10186812871277
Brunswick,-37.778103310630684,145.10348349656155
Brunswick,-37.7735046454228,145.11186477398377
Brunswick,-37.77990643151896,145.12022416428505
Brunswick,-37.77980117926952,145.10683588164858
Brunswick,-37.77759627707836,145.11968259838125
Brunswick,-37.76513456971579,145.10341234543733
Brunswick,-37.773281559221445,145.1036947377976
Brunswick,-37.77818678953411,145.11465819060032
Brunswick,-37.779552999072216,145.11944243355904
Brunswick,-37.77165256343383,145.11163118892037
Brunswick,-37.766278682615635,145.11642651103864
Brunswick,-37.77807962580552,145.11099090200798
Brunswick,-37.76759944757342,145.10199240713777
Brunswick,-37.76619788885088,145.12163882860105
Brunswick,-37.7736266295805,145.11747297728542
Brunswick,-37.7636174956717,145.11933228643213
Brunswick,-37.773234090148776,145.1038295608589
Brunswick,-37.77878578403531,145.12000275851392
Brunswick,-37.76850945628728,145.11035500591942
Brunswick,-37.7666713816196,145.10637443980585
Brunswick,-37.767631625264904,145.10409164298724
Brunswick,-37.7694745810966,145.10953657908036
Brunswick,-37.766599562943526,145.12023889693822
Brunswick,-37.76627284948322,145.11874197042047
Brunswick,-37.77500894795501,145.10171116687718
Brunswick,-37.77209241763541,145.11411987494128
Brunswick,-37.78145112272392,145.10587104738326
Brunswick,-37.76826482416291,145.10667540009032
Brunswick,-37.76390140274583,145.11299786701798
Brunswick,-37.77509327687756,145.11674050929415
Brunswick,-37.7648044260192,145.11149110291038
Brunswick,-37.775649086690095,145.10990792561788
Brunswick,-37.769900353368705,145.11853293356975
Brunswick,-37.782460499384186,145.1212270779088
Brunswick,-37.764901244286776,145.11870543204304
Brunswick,-37.775166604387906,145.10757006015865
Brunswick,-37.78256803711447,145.11797535226466
Brunswick,-37.76904065440908,145.10542769932934
Brunswick,-37.77702605080692,145.11862911253124
Brunswick,-37.77724207826326,145.11223454727232
Brunswick,-37.77802720052633,145.11643488936866
Brunswick,-37.76648536784428,145.10750053224666
Brunswick,-37.778207487265675,145.10212851134193
Brunswick,-37.77606964770929,145.12138770645996
Brunswick,-37.76855655432844,145.10394818185233
Brunswick,-37.77624540302553,145.10652057942863
Brunswick,-37.77306227293977,145.10550634870722
Brunswick,-37.78235513295359,145.11555190911648
Brunswick,-37.771487993665424,145.10934013327235
Brunswick,-37.76643660759174,145.1198338057225
Brunswick,-37.775760299208585,145.10825323681556
Brunswick,-37.77744120243453,145.1099818561937
Brunswick,-37.77638962023816,145.11690718202976
Brunswick,-37.763836204751684,145.11633367779504
Brunswick,-37.76834086084454,145.12019143237472
Brunswick,-37.77301083598522,145.11315512741808
Brunswick,-37.773036967528355,145.10968074148408
Brunswick,-37.77190387216219,145.11242305851928
Brunswick,-37.7749539206353,145.11129492967413
Brunswick,-37.77045112516553,145.10768425614697
Brunswick,-37.76581212775417,145.1143177395267
Brunswick,-37.77789914488103,145.10335936966638
Brunswick,-37.78197429649071,145.12136631447248
Brunswick,-37.766216729520025,145.11702497675728
Brunswick,-37.77265142842709,145.11059483350252
Brunswick,-37.77519992488273,145.1120435389087
Brunswick,-37.7807627808188,145.12153221163294
Docklands,-37.80975246294999,145.1107307660691
Docklands,-37.810536540307375,145.09481699407164
Docklands,-37.79699817379394,145.10828961978368
Docklands,-37.803373013533864,145.09950630107488
Docklands,-37.80590446086481,145.09766317520865
Docklands,-37.8086406304954,145.10775043107319
Docklands,-37.808337558543926,145.1056804302443
Docklands,-37.80466353601251,145.09331812699637
Docklands,-37.79547637578181,145.09738544262567
Docklands,-37.80941667049183,145.09984751916113
Docklands,-37.805379769630505,145.10673207920684
Docklands,-37.80481143522388,145.09296682798126
Docklands,-37.81250481840829,145.10287726949673
Docklands,-37.80936376285623,145.10361983658373
Docklands,-37.79745636569868,145.1044237960928
Docklands,-37.80156904732941,145.11014319424865
Docklands,-37.80291589031551,145.101854705903
Docklands,-37.808080199370565,145.09739970991956
Docklands,-37.79903147677834,145.0989632402185
Docklands,-37.8016002025777,145.1052419869134
Docklands,-37.812384036772336,145.10897408447755
Docklands,-37.811983178210944,145.0976188203806
Docklands,-37.80160635204055,145.10892626771349
Docklands,-37.808928706601485,145.09413073657444
Docklands,-37.80857819372224,145.10279353852096
Docklands,-37.80493828625064,145.1119603136112
Docklands,-37.80435807401698,145.10959613143294
Docklands,-37.803410745362115,145.09334378716434
Docklands,-37.80613910905006,145.0952997196652
Docklands,-37.80590063789135,145.10854959495808
Docklands,-37.809501170314,145.10165003827092
Docklands,-37.797334253665014,145.1047667701094
Docklands,-37.80201523259975,145.10971987029143
Docklands,-37.79697309159825,145.09363878695171
Docklands,-37.7998682520109,145.10980512680777
Docklands,-37.802493507288865,145.09450462494826
Docklands,-37.811161406316586,145.1045570618255
Docklands,-37.801769518597894,145.10087807431339
Docklands,-37.81411013246215,145.0990801524543
Docklands,-37.80665580287832,145.10273589141866
Docklands,-37.80293769385938,145.0941937157401
Docklands,-37.801591964139355,145.09738435585078
Docklands,-37.80498081478858,145.1013125086622
Docklands,-37.81206828301808,145.1102819439428
Docklands,-37.79926140131581,145.09692402722365
Docklands,-37.79863801280285,145.0941891290469
Docklands,-37.8042775032163,145.10549851541623
Docklands,-37.80734942435202,145.0935961576695
Docklands,-37.79639697675947,145.09724571451375
Docklands,-37.80642298612029,145.1089297052523
Docklands,-37.7945396930317,145.11158449895612
Docklands,-37.80512034053191,145.09570090886712
Docklands,-37.79792493148498,145.09921034537888
Docklands,-37.808126495963634,145.09750942740388
Docklands,-37.810038047740846,145.09551605935178
Docklands,-37.795445950768375,145.10332324415614
Docklands,-37.809013736505335,145.10177409031374
Docklands,-37.8009485280492,145.09632501632316
Docklands,-37.79995882825097,145.09454144877992
Docklands,-37.79684883766716,145.11189725609168
Docklands,-37.8107623362588,145.0949157855869
Docklands,-37.80763471843819,145.1115506991391
Docklands,-37.80256911721603,145.10183878993092
Docklands,-37.80614325788964,145.1020312421562
Docklands,-37.81368572724581,145.10731190753808
Docklands,-37.79614143392126,145.10443873512563
Docklands,-37.805180947090086,145.10563839265194
Docklands,-37.799618939167004,145.108805213704
Docklands,-37.79506086232539,145.09444455151444
Docklands,-37.80078707335906,145.09740794596144
Docklands,-37.79697988006483,145.0993289807631
Docklands,-37.80363232974509,145.1029236762824
Docklands,-37.803488456216606,145.09258347558102
Docklands,-37.81096387727333,145.10285300629138
Docklands,-37.80547192687311,145.10755074282673
Docklands,-37.8086936586114,145.10820765836658
Southbank,-37.919081090394755,144.97696438016382
Southbank,-37.90771166181229,144.98232929601224
Southbank,-37.904325315498596,144.97461258864317
Southbank,-37.917552349137594,144.9874137122197
Southbank,-37.911001812618544,144.98314249784985
Southbank,-37.906357328324745,144.9773643729209
Southbank,-37.905825279144736,144.97528316795206
Southbank,-37.90674829128842,144.9771001875196
Southbank,-37.919348925280005,144.9769094284999
Southbank,-37.90627715127177,144.9886170236743
Southbank,-37.90546345253588,144.98805567890872
Southbank,-37.9083115827285,144.9837374871191
Southbank,-37.903038480446504,144.99212238237507
Southbank,-37.915346436001975,144.99219883239968
Southbank,-37.91547176702253,144.98558091563007
Southbank,-37.90116832339006,144.98945789050143
Southbank,-37.904801248430104,144.9767711709713
Southbank,-37.91970654410486,144.98714033285276
Southbank,-37.90970459382414,144.98967279637432
Southbank,-37.91420711079334,144.98485478713596
Southbank,-37.91463517021121,144.98886952157858
Southbank,-37.91663104679578,144.97962013925985
Southbank,-37.912432279704454,144.98241751975422
Southbank,-37.91744834812801,144.99249935509388
Southbank,-37.913873811055296,144.98344802536351
Southbank,-37.91953418024088,144.97933317059884
Southbank,-37.91541997699747,144.98195995657667
Southbank,-37.91949244582279,144.98326606503903
Southbank,-37.91222670903535,144.97982049022838
Southbank,-37.91625536460827,144.97848333940692
Southbank,-37.90792505014012,144.97803166116873
Southbank,-37.90205095651354,144.97804063905355
Southbank,-37.92073470835449,144.9827896221313
Southbank,-37.90371469632174,144.97745202951444
Southbank,-37.90791596423091,144.99029536473697
Southbank,-37.90165633984918,144.977202257112
Southbank,-37.92051997037191,144.98684179035223
Southbank,-37.91501644349831,144.98326703521644
Southbank,-37.90884051757184,144.98417201699579
Southbank,-37.91240025415665,144.98569442790355
Southbank,-37.91103294847699,144.98988264201776
Southbank,-37.91722725914657,144.98422579793024
Southbank,-37.920884917338526,144.98094808311998
Southbank,-37.90650447645579,144.98334645347794
Southbank,-37.90511757580397,144.9745631732888
Southbank,-37.9136572355422,144.9784963471934
Southbank,-37.9062599985004,144.97744349588257
Southbank,-37.91878563040959,144.9795994732616
Southbank,-37.91051811726668,144.99203161648148
Southbank,-37.92028646846634,144.9741900894967
Southbank,-37.906034890267556,144.99116071724242
Southbank,-37.92070392672357,144.9825583995585
Southbank,-37.91420254966757,144.9888498722107
Southbank,-37.904188498231804,144.97960855787676
Southbank,-37.91822585197283,144.9770422184544
Southbank,-37.90723913877698,144.98700289043305
Southbank,-37.915954672688535,144.98398011547314
Southbank,-37.90931386459454,144.99099241562985
Southbank,-37.9209165749698,144.9877318090521
Southbank,-37.91914273381055,144.99103454932143
Southbank,-37.913901795752544,144.9778760245314
Southbank,-37.9104997771742,144.97883795529737
Southbank,-37.91137998656612,144.9899612509509
Southbank,-37.91615548841315,144.97946688385346
Southbank,-37.916608632911206,144.98408125941953
Southbank,-37.90538701026704,144.99225589708436
Southbank,-37.9039854586103,144.9769801913046
Southbank,-37.907122761359396,144.97926954662384
Southbank,-37.91686302038421,144.98645770936517
Southbank,-37.915102063146044,144.9751606795321
Southbank,-37.916966780108,144.99209307414628
Southbank,-37.91719167351965,144.99400555333915
Fitzroy,-37.84066620508224,144.8485656443664
Fitzroy,-37.85191891796218,144.85743582027354
Fitzroy,-37.84603020604947,144.83925661665012
Fitzroy,-37.84646605880181,144.84660723932458
Fitzroy,-37.84677212309809,144.8458990616004
Fitzroy,-37.85609204600572,144.8512112727094
Fitzroy,-37.8406985007806,144.8535165519896
Fitzroy,-37.857691740706976,144.8417478297727
Fitzroy,-37.852621257379084,144.8424812760081
Fitzroy,-37.85958679696371,144.84980409067694
Fitzroy,-37.84299307441677,144.84698258687916
Fitzroy,-37.84702890972647,144.85413231058882
Fitzroy,-37.858260108567976,144.8496704548349
Fitzroy,-37.85748175923139,144.8410802519766
Fitzroy,-37.85620776759166,144.84887769770384
Fitzroy,-37.845634256230994,144.84519093066416
Fitzroy,-37.85026295043275,144.85284348131788
Fitzroy,-37.85443905007793,144.83924710420308
Fitzroy,-37.84465955790539,144.85486901264798
Fitzroy,-37.84979066781784,144.84678061307153
Fitzroy,-37.84267842049852,144.85370697666622
Fitzroy,-37.85135086096847,144.85507569938198
Fitzroy,-37.85878910548186,144.8532994058463
Fitzroy,-37.840964568997244,144.83946662078745
Fitzroy,-37.84468188941409,144.84111112639928
Carlton,-37.922618641134775,144.7414042126528
Carlton,-37.92602888399313,144.74413289672435
Carlton,-37.92495651156037,144.7507359690977
Carlton,-37.93788207139091,144.73468594467852
Carlton,-37.93694319627184,144.74941109723125
Carlton,-37.93250870616562,144.7461417412851
Carlton,-37.928221485263194,144.74977356122656
Carlton,-37.93351805113672,144.74205673067922
Carlton,-37.91882184922456,144.73330181541468
Carlton,-37.92749192038673,144.75115842804243
Carlton,-37.93630216890669,144.74345517166242
Carlton,-37.92415279172141,144.73652321930166
Carlton,-37.92957496408105,144.73655451921755
Carlton,-37.92841386681045,144.7510394979058
Carlton,-37.9337368980435,144.73861666384843
Carlton,-37.93110915551638,144.74676025656976
Carlton,-37.926423499462004,144.73849486038515
Carlton,-37.91946435298921,144.74290459651317
Carlton,-37.91920411410794,144.73856595267833
Carlton,-37.9184649216671,144.74319068153756
Carlton,-37.93159642931353,144.7386691297527
Carlton,-37.9361210764145,144.7431600223974
Hawthorn,-37.72035891441755,144.9276278238493
Hawthorn,-37.715217616207006,144.920712552363
Hawthorn,-37.717488622050276,144.91476595288466
Hawthorn,-37.7337396400776,144.91886960603458
Hawthorn,-37.72932688815833,144.91902627884355
Hawthorn,-37.729584213573595,144.92623928561224
Hawthorn,-37.72647869853754,144.91192298482397
Hawthorn,-37.730305326803936,144.9281009344027
Hawthorn,-37.73288552949162,144.91985756735508
Hawthorn,-37.72727357037635,144.92093031858604
Hawthorn,-37.72312172498842,144.9283983115048
Hawthorn,-37.733810018854534,144.91316328306397
Hawthorn,-37.714815935410634,144.9231978195033
Hawthorn,-37.72705801621168,144.9212557110848
Hawthorn,-37.71510375428416,144.92369189271264
Hawthorn,-37.73276730446054,144.9139367672765
Hawthorn,-37.72759390468077,144.9160962013507
Hawthorn,-37.71566111205991,144.92868156068548
Hawthorn,-37.72455130064695,144.9284953617261
Hawthorn,-37.715131828344326,144.9257741111263
Hawthorn,-37.72422857675679,144.92899442145264
Hawthorn,-37.72360389449538,144.9126071052415
Hawthorn,-37.73312752573758,144.93034062511524
Hawthorn,-37.72291269161393,144.92789512567433
Hawthorn,-37.71625330028283,144.92014655657454
Hawthorn,-37.72877825816737,144.91136860525648
Hawthorn,-37.72246429245957,144.92454548577672
Hawthorn,-37.72452029224216,144.92890233666577
Hawthorn,-37.730318230929385,144.92262660236725
Hawthorn,-37.721421040346954,144.92270038605812
Hawthorn,-37.73258665087823,144.9251405770664
Hawthorn,-37.7319592038101,144.91077247845632
Hawthorn,-37.72684570319751,144.91540125568193
Hawthorn,-37.72286762175932,144.92158005355213
Hawthorn,-37.719082751682734,144.92196445222658
Hawthorn,-37.721077526900615,144.91744116770136
Hawthorn,-37.72675578439555,144.91563779196136
Hawthorn,-37.71607838639996,144.910703369823
Hawthorn,-37.727453315731836,144.91312446506012
Hawthorn,-37.728107251728076,144.91552268544604
Hawthorn,-37.72647919618823,144.92373178257054
Hawthorn,-37.718766972937374,144.91644329871187
Hawthorn,-37.72295629653828,144.920294225394
Footscray,-37.91501385597411,144.97277735527456
Footscray,-37.913642416482304,144.9802847635411
Footscray,-37.91459095691842,144.98260770639368
Footscray,-37.90154423358986,144.98310174529013
Footscray,-37.91756450524626,144.97419895739614
Footscray,-37.91807687982224,144.9813202960071
Footscray,-37.90374498283934,144.9674351742619
Footscray,-37.90804592444662,144.98413896873214
Footscray,-37.90868915392221,144.9840846578474
Footscray,-37.91532693057753,144.97918154492953
Footscray,-37.9199455636439,144.9793045383002
Footscray,-37.9104541207258,144.98538936805045
Footscray,-37.91926764884584,144.97054147004374
Footscray,-37.90853415806121,144.97653771744518
Footscray,-37.91408733214813,144.9824317013337
Footscray,-37.919320579491625,144.9696030019805
Footscray,-37.91402623425365,144.97867656779562
Footscray,-37.91799671355232,144.97882756447348
Footscray,-37.91353838938481,144.97639636373637
Footscray,-37.90483190678175,144.98355154081094
Footscray,-37.91101374385133,144.96871253556967
Footscray,-37.920645448397686,144.97951062535577
Footscray,-37.90520884442499,144.98248500973372
Footscray,-37.904393324680406,144.97062823385647
Footscray,-37.91426948124379,144.97450879134007
Footscray,-37.91435167261428,144.97234678053047
Footscray,-37.90657769297819,144.9771830178598
Footscray,-37.91178879379414,144.96704175942932
Footscray,-37.91672932466463,144.97776659352934
Footscray,-37.90933566118899,144.97387986709637
Footscray,-37.90725394618403,144.98447009970903
Footscray,-37.902768668324875,144.97889239555033
Footscray,-37.90862352173585,144.97846727299387
Footscray,-37.908701670266176,144.98290429727837
Footscray,-37.92045740951175,144.97440922589595
Footscray,-37.90288172051026,144.98012254080453
Footscray,-37.91354193730937,144.9837350765246
Footscray,-37.91339915756316,144.97440828269146
Footscray,-37.900895644632115,144.98549876044294
Footscray,-37.916894443911815,144.9666385888433
Footscray,-37.92016578007494,144.97200200719283
Footscray,-37.91288162993515,144.97402513693498
Footscray,-37.91643920100799,144.98387528455785
Footscray,-37.92044865286628,144.98259000251852
Footscray,-37.91423815541529,144.97191527461592
Footscray,-37.90882747004706,144.97983453687797
Footscray,-37.9130501098275,144.98111914579704
Footscray,-37.91033277675479,144.9804620514835
Footscray,-37.912629607347746,144.98161707646787
Footscray,-37.901900298842534,144.9833879064578
Footscray,-37.91769403811919,144.97874088468217
Footscray,-37.90528204787156,144.9828352848428
Footscray,-37.90414177353664,144.9764099965178
Footscray,-37.90191990408591,144.96776592137797
Footscray,-37.90885311451214,144.97336624812613
Footscray,-37.91159039059467,144.98169030739388
Footscray,-37.90430531741174,144.97759634153314
Footscray,-37.91097072963105,144.97122765873172
Footscray,-37.916527746564576,144.9782170756341
Footscray,-37.90185347606999,144.9678954248934
Footscray,-37.90912478658624,144.98459325705252
Footscray,-37.90696859510174,144.9859667325514
Footscray,-37.90820234345156,144.97309930592547
Footscray,-37.90090978930197,144.98149354859729
Footscray,-37.9014000291318,144.98572358267668
Footscray,-37.9202552017252,144.98457864532855
Dandenong,-37.992949626739644,145.1462605941215
Dandenong,-37.997152056734656,145.1423425084358
Dandenong,-37.98852966756258,145.15663615971266
Dandenong,-37.994088676934346,145.1446484251646
Dandenong,-37.98819323860551,145.1504643854675
Dandenong,-37.99287188960783,145.15602722414818
Dandenong,-37.988800624572576,145.15697803635032
Dandenong,-37.992286882650255,145.15665012535203
Dandenong,-37.99047987145561,145.15163126374475
Dandenong,-37.99191185749789,145.13956602806354
Dandenong,-37.997360163166746,145.14616594899678
Dandenong,-37.97893635190112,145.1499976792996
Dandenong,-37.98790463050608,145.14851678045795
Dandenong,-37.99259059815208,145.1519076170351
Dandenong,-37.98649063877487,145.15607150629134
Dandenong,-37.99373094653383,145.15178345771895
Dandenong,-37.9834221657626,145.14230835773373
Dandenong,-37.97890329057209,145.13969160840134
Dandenong,-37.98615592498113,145.1572760506072
Dandenong,-37.9927833532295,145.14166784198392
Dandenong,-37.99347984857645,145.14600532934236
Dandenong,-37.987023476196434,145.14750490819137
Dandenong,-37.97840507891703,145.15060611354872
Dandenong,-37.98156258308599,145.15160204491934
Dandenong,-37.99263941372471,145.14327788776475
Dandenong,-37.98760921268893,145.1503990901167
Dandenong,-37.984682129253976,145.15602242625346
Dandenong,-37.995719153345405,145.1498945736403
Dandenong,-37.99065969982924,145.14327413689637
Dandenong,-37.993426023546654,145.14520651648493
Dandenong,-37.99518004794915,145.158663639482
Dandenong,-37.996705354141035,145.15597631964258
Dandenong,-37.98998971608248,145.15204339049188
Dandenong,-37.988215535211936,145.14346985247735
Dandenong,-37.9781510094839,145.15647966108003
Dandenong,-37.98652560615048,145.1555474273193
Dandenong,-37.98726360354359,145.15518797683416
Dandenong,-37.99153255776756,145.1582923588532
Dandenong,-37.98425564638232,145.152861505444
Dandenong,-37.992452764817266,145.1540563049686
Dandenong,-37.986884735232,145.15027095683797
Dandenong,-37.99718175140398,145.15386104190785
Dandenong,-37.98661405324723,145.1510969568087
Dandenong,-37.98714326405147,145.1591576372634
Dandenong,-37.98113792796492,145.1520761933637
Dandenong,-37.98044454020498,145.15244645507272
Dandenong,-37.99493276715127,145.1423353105859
Dandenong,-37.996464530027005,145.15328206991722
Dandenong,-37.97916102334659,145.1503739269687
Dandenong,-37.99792892523586,145.14628231074667
Dandenong,-37.99156551441158,145.15698176363833
Dandenong,-37.99587253814276,145.15244264619892
Dandenong,-37.99180701330479,145.14117854817408
Dandenong,-37.990206703481526,145.1421530458601
Dandenong,-37.98894719035057,145.1425698007752
Dandenong,-37.978343487940954,145.14700122105
Dandenong,-37.99514268042599,145.1467477175159
Dandenong,-37.97975574460589,145.15104485674195
Dandenong,-37.983091198809355,145.15825519641885
Dandenong,-37.99188149925352,145.1406891877039
Dandenong,-37.99668623661243,145.15925168939827
Dandenong,-37.97812357936001,145.15525355376042
Glen Waverley,-37.82597875495822,145.11697061082333
Glen Waverley,-37.81944120935773,145.11976938371754
Glen Waverley,-37.81575264676927,145.1154285534897
Glen Waverley,-37.816118105348025,145.11210703343215
Glen Waverley,-37.82876452218087,145.12319087742358
Glen Waverley,-37.8248306132413,145.1043940694779
Glen Waverley,-37.81881293809555,145.12242406028366
Glen Waverley,-37.822130893527,145.10414924517158
Glen Waverley,-37.82536662316566,145.10796287945837
Glen Waverley,-37.82958310557088,145.10982980194885
Glen Waverley,-37.81588747766361,145.10857419800254
Glen Waverley,-37.81326562582154,145.10882684413906
Glen Waverley,-37.827709457523675,145.1167462635467
Glen Waverley,-37.82928430683527,145.11003000930714
Glen Waverley,-37.819420078942436,145.12231858072147
Glen Waverley,-37.830877955309795,145.11404036910807
Glen Waverley,-37.83262689829329,145.11729346933976
Glen Waverley,-37.82146838031576,145.12150796068192
Glen Waverley,-37.825549290983574,145.10564254114675
Glen Waverley,-37.81439110452794,145.11843602812203
Glen Waverley,-37.821351057811285,145.10628935186207
Glen Waverley,-37.81359665023732,145.11653481215095
Glen Waverley,-37.82261640901275,145.10786427747428
Glen Waverley,-37.8299521355355,145.11707346984502
Glen Waverley,-37.813106041719585,145.11516695309442
Glen Waverley,-37.82640966162002,145.11794134812982
Glen Waverley,-37.81272413298946,145.10826934260652
Glen Waverley,-37.82006735957859,145.11812423575716
Glen Waverley,-37.81401791503135,145.11726351096362
Glen Waverley,-37.83195994284955,145.11427436231074
Glen Waverley,-37.814423859218046,145.1156316154418
Glen Waverley,-37.82906641195608,145.10850968680077
Glen Waverley,-37.81423424451935,145.1149171310112
Glen Waverley,-37.82579003243687,145.1146734867459
Glen Waverley,-37.8158904581527,145.10422615745253
Glen Waverley,-37.817191763630156,145.10502896381396
Glen Waverley,-37.82853113300605,145.1107293281226
Glen Waverley,-37.83230940976156,145.10536612739884
Glen Waverley,-37.813586410958784,145.11874604144845
Glen Waverley,-37.82957328152091,145.10448873726557
Glen Waverley,-37.82307190375109,145.10833277394698
Glen Waverley,-37.83250981658772,145.12021550943888
Glen Waverley,-37.82842329506124,145.12241104392118
Glen Waverley,-37.81803256676824,145.12252436637613
Glen Waverley,-37.82846068541727,145.11195086497784
Glen Waverley,-37.819525115632,145.1068229219918
Glen Waverley,-37.81325696201633,145.12299191685128
Glen Waverley,-37.81781677081569,145.1113792697238
Glen Waverley,-37.82654049194701,145.10888382589678
Glen Waverley,-37.818412412238274,145.12260936747012
Glen Waverley,-37.815890622533786,145.10482530700244
Glen Waverley,-37.830193154236895,145.10697676009704
Glen Waverley,-37.81414798864648,145.1065774335914
Glen Waverley,-37.81323758101957,145.10980296507586
Glen Waverley,-37.8314523678152,145.11129476796202
Glen Waverley,-37.81537386338884,145.11602524767954
Glen Waverley,-37.81371970885567,145.1204198167947
Glen Waverley,-37.827054201694985,145.11002370047467
Glen Waverley,-37.823646908794984,145.10479290673473
Glen Waverley,-37.82936995127952,145.11402342965386
Glen Waverley,-37.81802216479382,145.12147241656774
Glen Waverley,-37.823241285427876,145.1104099887504
Glen Waverley,-37.82145624500436,145.11178971613128
Glen Waverley,-37.82500461299616,145.12100541879624
Glen Waverley,-37.83222256574678,145.10502910149117
Glen Waverley,-37.83075456250682,145.11098942621254
Glen Waverley,-37.82000703512056,145.11867105917628
Glen Waverley,-37.8229840795866,145.1213154972763
Glen Waverley,-37.829379164264076,145.10986154927187
Glen Waverley,-37.83213730982543,145.11329801947448
Glen Waverley,-37.82672136931248,145.1189181524805
Glen Waverley,-37.829981112954044,145.12372461240903
Glen Waverley,-37.82314325034586,145.1092245442167
Glen Waverley,-37.821232603825294,145.12141761779642
Glen Waverley,-37.830340040215,145.11814342185642
Glen Waverley,-37.819697711998884,145.1057577784283
Glen Waverley,-37.82149715748585,145.1199190620064
Doncaster,-37.87653338501627,145.08859955299312
Doncaster,-37.873527681585706,145.08336363803258
Doncaster,-37.874549337359355,145.07912183206352
Doncaster,-37.86266280522228,145.08127940817783
Doncaster,-37.86700283295184,145.07654730123383
Doncaster,-37.86499057385972,145.0821858421225
Doncaster,-37.87641935241516,145.075597208828
Doncaster,-37.87253713365395,145.07468675556808
Doncaster,-37.858479319539036,145.06995101487016
Doncaster,-37.87276229503614,145.07287015505955
Doncaster,-37.87233412229156,145.0835912910617
Doncaster,-37.864738551512744,145.07403421645276
Doncaster,-37.869290563920636,145.0784956025471
Doncaster,-37.857728639663875,145.07150956027715
Doncaster,-37.86065930480947,145.07367207708884
Doncaster,-37.865728294965315,145.085818089836
Doncaster,-37.857464319877984,145.0873319435859
Doncaster,-37.87087284560502,145.08365682876192
Doncaster,-37.87056219346055,145.0733853148491
Doncaster,-37.86235404318046,145.08724427663358
Doncaster,-37.863155469586594,145.07293405717837
Doncaster,-37.86332003468643,145.070014017767
Doncaster,-37.87524824078873,145.08830961462755
Doncaster,-37.86062997115628,145.07183364100342
Doncaster,-37.87407820033967,145.07787795691442
Doncaster,-37.857977573124884,145.08752948036616
Doncaster,-37.86210709132839,145.07363076766805
Doncaster,-37.85915058214852,145.08127165266
Doncaster,-37.861376343945345,145.0871922747321
Doncaster,-37.858195615102815,145.08052665552995
Doncaster,-37.86606789276018,145.08269963975172
Doncaster,-37.86132423455404,145.0713190102742
Doncaster,-37.86014289095332,145.07475228467231
Doncaster,-37.86905863043434,145.0749898064233
Doncaster,-37.87120095557558,145.07710143629356
Doncaster,-37.867477511444385,145.07657499095617
Doncaster,-37.875504181567294,145.07436705795132
Doncaster,-37.86838733083082,145.08342896953332
Doncaster,-37.864537496718825,145.088177982298
Doncaster,-37.866259540892734,145.08690847007358
Doncaster,-37.8724166187957,145.0890251936114
Doncaster,-37.85876756003467,145.07019537135133
Doncaster,-37.86852733782406,145.07674542219195
Doncaster,-37.873967430637755,145.08942128215887
Doncaster,-37.87124519781929,145.0730380529552
Doncaster,-37.86273952518917,145.0772163773072
Doncaster,-37.87021527316546,145.07344339257776
Doncaster,-37.86489362165824,145.08801623357508
Doncaster,-37.8637073010813,145.0883312879891
Doncaster,-37.86654669892672,145.07016024292957
Doncaster,-37.86904172952277,145.0838881688916
Doncaster,-37.86330693817897,145.07388339061018
Doncaster,-37.86743844985642,145.07997784495421
Doncaster,-37.87507661364363,145.07027976771565
Doncaster,-37.87402835574936,145.0878311286024
Doncaster,-37.860454445841974,145.0836289944842
Doncaster,-37.864532361422484,145.08092342676355
Doncaster,-37.86887818226058,145.07445949259076
Doncaster,-37.85759154718165,145.07706927922925
Doncaster,-37.861983244236285,145.08091751011503
Doncaster,-37.862265177012794,145.0738257151106
Doncaster,-37.860347856472096,145.07192267392483
Doncaster,-37.85992979793253,145.07456274877725
Doncaster,-37.86022357665871,145.0705768339189
Doncaster,-37.85896561706949,145.07043393812992
Doncaster,-37.86865224104887,145.0875054011942
Doncaster,-37.87534504683154,145.07960365891236
Doncaster,-37.86589201894596,145.07523488043043
Doncaster,-37.86214630369085,145.07774793273856
Doncaster,-37.8601795259523,145.07746240607358
Doncaster,-37.857316759865284,145.08645584750553
Doncaster,-37.87621985350973,145.08476484172795
Doncaster,-37.875468129240545,145.08113645133278
Doncaster,-37.86563060824347,145.07909126479487
Doncaster,-37.875265372049256,145.0779293645486
Doncaster,-37.86925044626785,145.07291347951872
Doncaster,-37.8687227876006,145.08956087552028
Doncaster,-37.87125315059793,145.0702641124313
Doncaster,-37.86022899239058,145.08345393556445
Clayton,-37.78117478798058,144.96589351086948
Clayton,-37.77748845773994,144.96857810688905
Clayton,-37.78312891598024,144.97366304279927
Clayton,-37.78374296164726,144.98197692368507
Clayton,-37.787017697504346,144.97410214246534
Clayton,-37.789464421387294,144.97537078087902
Clayton,-37.78029062598488,144.96680593562027
Clayton,-37.795276277367854,144.96591736295332
Clayton,-37.78842805413873,144.9684547016491
Clayton,-37.78424579515875,144.97757128016772
Clayton,-37.78531774821234,144.97492267820687
Clayton,-37.781657292932444,144.9676628755752
Clayton,-37.78765939461537,144.98369660566104
Clayton,-37.78501675295425,144.96776356335945
Clayton,-37.79534935494347,144.98109623946695
Clayton,-37.79267349714448,144.96597592590405
Clayton,-37.788264161556874,144.9695057824619
Clayton,-37.77941021037849,144.981335826681
Clayton,-37.789136637023496,144.97715000080663
Clayton,-37.79578087401947,144.9814989188857
Clayton,-37.79210790772564,144.97669785167824
Clayton,-37.78141975001835,144.97768719333223
Clayton,-37.78863275935673,144.9719742559464
Clayton,-37.79383229108369,144.98457199899562
Clayton,-37.796173440740695,144.9802232246347
Clayton,-37.78239197359261,144.98106378857116
Clayton,-37.789199131986436,144.97200382306946
Clayton,-37.77767127883689,144.97447849766226
Clayton,-37.779465241953226,144.97591193272692
Clayton,-37.788256663752044,144.97420740567435
Clayton,-37.77919086481113,144.97601487511932
Clayton,-37.78345150339004,144.96942017559005
Clayton,-37.79177088052078,144.98490822733459
Clayton,-37.77799723054468,144.9754476127413
Clayton,-37.7779803535451,144.98379680068632
Clayton,-37.77864770676792,144.9799467838853
Clayton,-37.780256246031136,144.97053347710556
Clayton,-37.792913269265085,144.98500872016746
Clayton,-37.791711801521075,144.96583524260683
Clayton,-37.779369728145895,144.97360195146098
Clayton,-37.77645823799624,144.98280601743178
Clayton,-37.792326605809826,144.97619085254124
Clayton,-37.788659006869786,144.96736044141724
Clayton,-37.79416454854132,144.97987118991395
Clayton,-37.781199351420426,144.97973377381575
Clayton,-37.7913447282587,144.97057348354105
Clayton,-37.77671950471741,144.9733617785039
Clayton,-37.779445029605924,144.97107670705688
Clayton,-37.78789054097967,144.9718652183721
Clayton,-37.79082301918123,144.98135297356393
Clayton,-37.78335141466268,144.9748535237734
Clayton,-37.77701536697833,144.975775929635
Clayton,-37.77844345701561,144.9764548307961
Clayton,-37.77723687493773,144.97748900660272
Clayton,-37.78144066943922,144.9698961112905
Clayton,-37.7857096126366,144.9838165152443
Clayton,-37.7835285979048,144.98489457323657
Clayton,-37.78790477208302,144.97005676515917
Clayton,-37.794419632173735,144.98417240146878
Clayton,-37.78391752920757,144.96856035618535
Clayton,-37.78755122402792,144.98323166669547
Clayton,-37.78382421110492,144.98466761637536
Clayton,-37.79513763405103,144.9749009900323
Clayton,-37.78367426651353,144.97617546653646
Clayton,-37.79229478604105,144.98071599430108
Clayton,-37.78828353133292,144.96692322120518
Clayton,-37.79438397421109,144.97157240412423
Clayton,-37.779418774538236,144.98398502449712
Clayton,-37.79367026803184,144.97598076622592
Clayton,-37.78591047280096,144.9751893567875
Clayton,-37.77967685639285,144.97893349469626
Clayton,-37.79575872768949,144.9742133664129
Clayton,-37.786953125060634,144.98330090665726
Clayton,-37.77968994813223,144.9794953281975
Clayton,-37.77862020758698,144.97930694504385
Clayton,-37.7948455172489,144.96967679542837
Brighton,-37.75265888971591,144.79266629310425
Brighton,-37.75153739725448,144.7988266128719
Brighton,-37.7616104545786,144.79811723848326
Brighton,-37.74972294384257,144.79662250812095
Brighton,-37.76229677615082,144.80387442074712
Brighton,-37.747636672824534,144.80172548871695
Brighton,-37.75420250787574,144.79810204577413
Brighton,-37.75105857201167,144.80629663330632
Brighton,-37.74964376025361,144.8005106753492
Brighton,-37.744871040350596,144.80636652554043
Brighton,-37.762571462984326,144.79234781186
Brighton,-37.763981125563745,144.79501537846795
Brighton,-37.75518047457086,144.80007309577962
Brighton,-37.75223756420319,144.80547046209904
Brighton,-37.75458873128873,144.79906843715827
Brighton,-37.763856827954605,144.80952336048347
Brighton,-37.7530906549183,144.8085074520865
Brighton,-37.747211693342784,144.7960606319687
Brighton,-37.75497171843274,144.79969691417747
Brighton,-37.74743215354741,144.7981509782934
Brighton,-37.7621747124487,144.7966958926305
Brighton,-37.749218808434584,144.8016992059608
Brighton,-37.74519287337949,144.79819402657222
Brighton,-37.752516065472314,144.80558075460965
Brighton,-37.75031276894671,144.79955840177215
Brighton,-37.7576093936216,144.79454372160168
Brighton,-37.76080129763214,144.80159699870822
Brighton,-37.751650944660184,144.79542382912302
Brighton,-37.751113226229556,144.80049604224317
Brighton,-37.75244762395276,144.80430226003273
Brighton,-37.75239534527435,144.8010908811327
Brighton,-37.7456748184317,144.7991203796001
Brighton,-37.760674100056235,144.80945501000946
Brighton,-37.762730755832074,144.80473848143205
Brighton,-37.763231958575055,144.80100405142653
Brighton,-37.75877461628434,144.79327666407684
Brighton,-37.757762929281526,144.79435793705647
Brighton,-37.75204397882073,144.80972713069937
Brighton,-37.75061666993813,144.79524279990892
Brighton,-37.74822537811266,144.8011098639284
Brighton,-37.75211793149104,144.81060224510708
Brighton,-37.75795244062408,144.80106237800118
Brighton,-37.758634549694975,144.79189342422447
Brighton,-37.760862700876665,144.79485412938467
Brighton,-37.757721719794766,144.79916169065882
Brighton,-37.75199182071151,144.80664175051487
Brighton,-37.74438428338823,144.7961778582975
Brighton,-37.76398979349519,144.7956622585397
Brighton,-37.763327720220936,144.80277682926544
Brighton,-37.757985067540005,144.79360375052374
Brighton,-37.754355238570035,144.7938366731717
Brighton,-37.75280422302205,144.8002473684196
Brighton,-37.752648354036204,144.79291519099164
Brighton,-37.74925157370366,144.79839540390375
Brighton,-37.75389288954854,144.79254882010892
Brighton,-37.755955994125536,144.79523087595064
Brighton,-37.745858334837706,144.80207609298586
Brighton,-37.74786495724855,144.8109395545117
Brighton,-37.75894854396078,144.80098195848151
Brighton,-37.763434866223974,144.7945595314018
Brighton,-37.74742703095453,144.79359907129034
Brighton,-37.754647263149174,144.7968591757136
Brighton,-37.75304022621803,144.79568624697455
Brighton,-37.75791045410213,144.80515314713782
Brighton,-37.75188207115262,144.79269456365893
Brighton,-37.75397771142925,144.81057836649123
Brighton,-37.745609198905136,144.80180075709666
Brighton,-37.75392709688226,144.80905528695223
Brighton,-37.75506525836825,144.80754352420038
Brighton,-37.75428335025298,144.79371834640037
Brighton,-37.75861201305865,144.79635285170806
Brighton,-37.750498900744276,144.80196581450625
Brighton,-37.75634474919989,144.7934264826696
Brighton,-37.75219888281392,144.8062837455241
Brighton,-37.75443975951522,144.8099484575864
Brighton,-37.75022531102134,144.79704944380333
Brighton,-37.759573283166056,144.79572512682654
Brighton,-37.7461701302019,144.80154877378268
Brighton,-37.75179781773449,144.7912420336653
Brighton,-37.74559435173507,144.8108537681967
Springvale,-37.90073761005041,144.7583837148584
Springvale,-37.89924248349603,144.75087859312728
Springvale,-37.90754642543179,144.75769065055562
Springvale,-37.90172211235135,144.74589522374922
Springvale,-37.907692678802285,144.75535467328126
Springvale,-37.90835072900031,144.75689056362756
Springvale,-37.903035337694114,144.75347489331398
Springvale,-37.90988384452737,144.75518669104255
Springvale,-37.910790820460626,144.75053119665108
Springvale,-37.913560842604824,144.75725485547784
Springvale,-37.90823116331646,144.74756596346177
Springvale,-37.90176179328369,144.7561621596879
Springvale,-37.912280468161974,144.75925227552642
Springvale,-37.89928425942489,144.74532987540215
Springvale,-37.905572263982464,144.7439425100218
Springvale,-37.913765497558785,144.7433819741912
Springvale,-37.901926166333396,144.74717633039498
Springvale,-37.900701224732906,144.75596618371296
Springvale,-37.900526563721726,144.75479915900468
Springvale,-37.900597471087885,144.75826508293784
Springvale,-37.8952278645936,144.75349959054833
Springvale,-37.89951489352339,144.7578311563835
Springvale,-37.89935582430348,144.757123140819
Springvale,-37.90915751346828,144.75121120057705
Springvale,-37.89806887136019,144.75412556691455
Springvale,-37.90809411835735,144.75798816272373
Springvale,-37.90075669810592,144.7555454022231
Springvale,-37.91021073836366,144.75136123880372
Springvale,-37.90364009492978,144.75221614590447
Springvale,-37.899975562810084,144.75894025875527
Springvale,-37.91097887086398,144.7601649154814
Springvale,-37.91169281014101,144.74819357830282
Springvale,-37.91071371575256,144.75949084827104
Springvale,-37.90473557214183,144.75216480118016
Springvale,-37.91027416129486,144.74235115581035
Springvale,-37.897401491782176,144.75996154080258
Springvale,-37.89766142706203,144.7538434227576
Springvale,-37.902356162061615,144.7413688964687
Springvale,-37.90181878921415,144.75187245106147
Springvale,-37.897088810191605,144.74592758009717
Springvale,-37.907165126794,144.75577813850742
Springvale,-37.89779174799145,144.7513117929518
Springvale,-37.900140872730624,144.7562497715763
Springvale,-37.89892120257967,144.75711620025294
Springvale,-37.90167443169193,144.74311001419034
Springvale,-37.89785756930095,144.75677526524652
Springvale,-37.91201215490031,144.75771308530992
Springvale,-37.9067302627799,144.75157288775898
Springvale,-37.906506494661194,144.75927268564226
Springvale,-37.90469204506477,144.74283096231392
Springvale,-37.89964871216712,144.7500667035702
Springvale,-37.909428162823204,144.745121799415
Springvale,-37.91077653560454,144.75924615320767
Springvale,-37.9110907654187,144.74198501859877
Springvale,-37.90918460216694,144.75939544660974
Springvale,-37.89631316514739,144.74507545580343
Springvale,-37.89631991058221,144.75771870549343
Springvale,-37.90430875854294,144.75299809270405
Springvale,-37.90847448859631,144.75883034412493
Springvale,-37.89840136711419,144.75061415978027
Springvale,-37.898662563773634,144.75737222788788
Springvale,-37.90042116225495,144.75874640451016
Springvale,-37.89626818692555,144.7611560718651
Springvale,-37.91127055443819,144.74583180605669
Werribee,-37.74193819526301,144.97544371950036
Werribee,-37.7489966143718,144.97019791537244
Werribee,-37.74227967438526,144.98524701218008
Werribee,-37.74944233998485,144.97747178157027
Werribee,-37.74367810707703,144.96783806614323
Werribee,-37.736420430025674,144.97690221945473
Werribee,-37.73563890483232,144.98579719151914
Werribee,-37.739900831992145,144.9762427491803
Werribee,-37.736588404302125,144.98576036757748
Werribee,-37.74019067054534,144.97915091295357
Werribee,-37.746627920373044,144.98353131536533
Werribee,-37.746633754285746,144.97250765276868
Werribee,-37.74944230659316,144.97741429820405
Werribee,-37.742901612013846,144.96938705816518
Werribee,-37.73960539905765,144.96925836801663
Werribee,-37.73997053705067,144.98359224454853
Werribee,-37.73310316576015,144.96806037852076
Werribee,-37.74333751649086,144.9750559213047
Werribee,-37.73957375968055,144.97398114703435
Werribee,-37.75085110975362,144.9707633932443
Werribee,-37.73267810153365,144.9856274661654
Werribee,-37.742385758405455,144.98054393567156
Werribee,-37.739230737117694,144.97521704580188
Werribee,-37.743733444920736,144.98161282099437
Werribee,-37.73691340211589,144.97237075482778
Werribee,-37.73364272880882,144.9780357238794
Werribee,-37.74951989315264,144.97074667264548
Werribee,-37.73975687860018,144.98433102027258
Werribee,-37.74305106381977,144.978187060853
Werribee,-37.74369628779003,144.96777656779267
Werribee,-37.7418367494018,144.98742130227782
Werribee,-37.733125271424456,144.98598560756886
Werribee,-37.74033559128122,144.98510144746703
Werribee,-37.74659063477004,144.96799014581816
Werribee,-37.74576412759732,144.97715643976665
Werribee,-37.749916384617585,144.97150678845026
Werribee,-37.73885325303644,144.97504156414132
Werribee,-37.74632413441034,144.9688591685953
Werribee,-37.74263694175211,144.97325769327023
Werribee,-37.747755939118115,144.9691928654596
Werribee,-37.742216486411095,144.9683043072335
Werribee,-37.744330157848054,144.98030420701173
Werribee,-37.742579747360715,144.97303927824004
Werribee,-37.731975327517155,144.98288302885666
Werribee,-37.7453643236791,144.98619406504332
Werribee,-37.74903371843405,144.9677041431781
Werribee,-37.73938818548372,144.98742634302104
Werribee,-37.73426697087766,144.98332325244016
Point Cook,-37.756335057145215,144.97798298750135
Point Cook,-37.7569869647391,144.9728619888404
Point Cook,-37.75248756450645,144.97819639210647
Point Cook,-37.76620027240333,144.97684562124303
Point Cook,-37.75605366060707,144.98477233944936
Point Cook,-37.74908973945895,144.98479402500112
Point Cook,-37.7499015118866,144.96939658367225
Point Cook,-37.74885619123159,144.9701337403568
Point Cook,-37.7653607800273,144.98372300388647
Point Cook,-37.762907553862206,144.9825739852626
Point Cook,-37.750214475214555,144.97493750156033
Point Cook,-37.75905704133598,144.96915195457854
Point Cook,-37.76232990568236,144.9734046249636
Point Cook,-37.7580206362142,144.97822720772695
Point Cook,-37.75619731976725,144.98202630046947
Point Cook,-37.76438679960866,144.97376779895242
Point Cook,-37.74930518253201,144.9776604874994
Point Cook,-37.75330208443777,144.9680145863943
Point Cook,-37.76403799663734,144.97439029446585
Point Cook,-37.75244582597492,144.97396181439498
Point Cook,-37.75267455453628,144.9747909268734
Point Cook,-37.75869561964294,144.97464106106477
Point Cook,-37.758855088672306,144.9680434249263
Point Cook,-37.750800783915054,144.98368895196865
Sunshine,-37.70069150369639,144.84490275521978
Sunshine,-37.71060215751153,144.83520941612005
Sunshine,-37.6956899318069,144.82756763835624
Sunshine,-37.706226243408565,144.8344969699906
Sunshine,-37.70833466769376,144.8291888064658
Sunshine,-37.70371219996875,144.8384373036398
Sunshine,-37.71444782182128,144.84421383241505
Sunshine,-37.69730508236336,144.831003769825
Sunshine,-37.69624816868695,144.83040173298227
Sunshine,-37.71180769334658,144.832129781905
Sunshine,-37.707348099286364,144.82685308373644
Sunshine,-37.71202997740126,144.8393217225969
Sunshine,-37.70804853045564,144.83863535009343
Sunshine,-37.69779592458077,144.84303366743654
Sunshine,-37.7046477935548,144.8417705395363
Sunshine,-37.69890865995751,144.8385140595734
Sunshine,-37.71198295506905,144.82719959467553
Sunshine,-37.70630047406355,144.83551341996156
Sunshine,-37.69656231704974,144.82775995460054
Sunshine,-37.70312269824373,144.83523264684916
Sunshine,-37.708612770467234,144.83510742717866
Sunshine,-37.70896091143913,144.84613060322775
Sunshine,-37.697335076497595,144.82920442418498
Sunshine,-37.711290330368776,144.83597034504794
Sunshine,-37.70597248633483,144.83999895966377
Sunshine,-37.7084236197743,144.84522129717698
Sunshine,-37.71126096622933,144.84438077114774
Sunshine,-37.709856015988414,144.83155631950373
Sunshine,-37.69580399513472,144.8433216562306
Sunshine,-37.711390040959515,144.83317885875556
Sunshine,-37.70479157854142,144.82803094548962
Sunshine,-37.70778674017289,144.8292334540984
Sunshine,-37.71133766872606,144.8422262667496
Sunshine,-37.70317658257952,144.82658782007667
Sunshine,-37.70489690903841,144.84234536642813
Sunshine,-37.70262701463604,144.8262700261305
Sunshine,-37.697977800363006,144.83001889398054
Sunshine,-37.69913852132563,144.83081805128936
Sunshine,-37.70693853032038,144.83269594331497
Sunshine,-37.69711918633807,144.8391545740307
Sunshine,-37.713636106353405,144.82864758472724
Sunshine,-37.70054380944234,144.83487209626946
Sunshine,-37.71276197060861,144.8319498865843
Sunshine,-37.71316810425046,144.8271564243044
Sunshine,-37.71093949865801,144.8426154376826
Sunshine,-37.69711939826858,144.8358877107048
Sunshine,-37.70026325379286,144.84065010356963
Sunshine,-37.70128404575821,144.83533408067842
Sunshine,-37.712597780654086,144.83836134839504
Sunshine,-37.697832756127994,144.84267097104757
Sunshine,-37.70769620562976,144.8343662507559
Sunshine,-37.70588626905361,144.83906013656946
Sunshine,-37.713031126532385,144.82862259763337
Sunshine,-37.69635143674264,144.83540283694043
Sunshine,-37.70018732163953,144.83795921237814
Sunshine,-37.70269892704697,144.83910544093052
Sunshine,-37.71356802398396,144.8281196025028
Sunshine,-37.7029563206824,144.83423528603623
Sunshine,-37.71157919117083,144.8355721788387
Sunshine,-37.69910092388841,144.83266949509968
Sunshine,-37.70382858583106,144.82709479638103
Sunshine,-37.703899316567295,144.82919823036963
Sunshine,-37.71376472862449,144.83891255237006
Sunshine,-37.69956617469889,144.84247719570902
Sunshine,-37.70411742019916,144.82650845961038
Sunshine,-37.71453223662427,144.83501597415503
Sunshine,-37.71083985305263,144.84034937843305
Frankston,-37.642678644801755,145.08912083211789
Frankston,-37.63407024321042,145.10018126271467
Frankston,-37.64128891074795,145.0929526071726
Frankston,-37.64806044257522,145.0967810719314
Frankston,-37.64883780273274,145.08944650010838
Frankston,-37.63461174231847,145.0860482343981
Frankston,-37.63540310033549,145.10083320475712
Frankston,-37.63625886644116,145.10209026787604
Frankston,-37.63978054609088,145.08985091093467
Frankston,-37.6310644339712,145.08469562568632
Frankston,-37.63092022222739,145.08929373271025
Frankston,-37.646502056998536,145.0885525194645
Frankston,-37.646575557853524,145.09796922652714
Frankston,-37.64486648977069,145.08285264615915
Frankston,-37.640480476416556,145.0968761835254
Frankston,-37.647901145662786,145.0853007116581
Frankston,-37.64818572027549,145.08660071782373
Frankston,-37.639307898488276,145.08321937623666
Frankston,-37.642506557043546,145.10018072586334
Frankston,-37.640398658916546,145.10127651261752
Frankston,-37.63112089509641,145.0989052963818
Frankston,-37.64093890093229,145.09091553219534
Frankston,-37.64539559519473,145.09009905211164
Frankston,-37.63748282536588,145.08450884682836
Frankston,-37.63148465720566,145.10037543060196
Frankston,-37.63945981186021,145.08875412463073
Cranbourne,-37.912398415215925,145.0308683453324
Cranbourne,-37.9118176257503,145.0352143106286
Cranbourne,-37.91221451249407,145.025692002003
Cranbourne,-37.90533100972193,145.0388311390883
Cranbourne,-37.91450073551862,145.0335682955603
Cranbourne,-37.90884100847208,145.03460488572452
Cranbourne,-37.9009633554071,145.0267896593971
Cranbourne,-37.90095808536436,145.03671214144302
Cranbourne,-37.909750786609706,145.04170845294126
Cranbourne,-37.91233269598356,145.03484380337468
Cranbourne,-37.908351637863376,145.0335999522943
Cranbourne,-37.91039345765507,145.0276996451808
Cranbourne,-37.89599543865653,145.02634396638356
Cranbourne,-37.91208703529022,145.02417579382356
Cranbourne,-37.914692210469866,145.0278843889303
Cranbourne,-37.90690610173497,145.04099533486132
Cranbourne,-37.90678059230474,145.0376223811162
Cranbourne,-37.911601101355025,145.03021187933
Cranbourne,-37.904199120247604,145.03692617436036
Cranbourne,-37.9133879423497,145.04016119301056
Cranbourne,-37.89972259841093,145.02355922452224
Cranbourne,-37.90354332948871,145.0250937510841
Cranbourne,-37.903382390057644,145.03089230387073
Cranbourne,-37.900494669320715,145.0289701807935
Cranbourne,-37.90594638794386,145.02735264019367
Cranbourne,-37.90246136771654,145.0220104412598
Cranbourne,-37.90390253250008,145.03977886873028
Cranbourne,-37.9123307427687,145.03442246918766
Cranbourne,-37.915535672787236,145.02697155349233
Ringwood,-37.73767107317449,145.3006660352269
Ringwood,-37.73556106254268,145.30103751491941
Ringwood,-37.73488627086216,145.292982598114
Ringwood,-37.73358821095001,145.29905435775956
Ringwood,-37.73222561276772,145.29744801169983
Ringwood,-37.72521629614964,145.30460138529648
Ringwood,-37.73145720676295,145.2919325120282
Ringwood,-37.73771025350697,145.29527028019922
Ringwood,-37.72418583712158,145.29429953287132
Ringwood,-37.73590718525261,145.2947875098325
Ringwood,-37.726587639402744,145.29316052085497
Ringwood,-37.736617587263225,145.30483319099287
Ringwood,-37.72417313401939,145.30279417325443
Ringwood,-37.722729122621324,145.2946749259687
Ringwood,-37.7272725198231,145.29350235511825
Ringwood,-37.727248313298496,145.29741844596137
Ringwood,-37.725736338757216,145.30590895739013
Ringwood,-37.73114621082426,145.30242465076614
Ringwood,-37.726135735698634,145.29023374597173
Ringwood,-37.72734757409233,145.2946949564096
Ringwood,-37.732245796317756,145.29694712499182
Ringwood,-37.72206285472327,145.2999578712925
Ringwood,-37.728370315116415,145.3014938383717
Ringwood,-37.71858879700262,145.29030775842674
Ringwood,-37.725530775877154,145.30433862487436
Ringwood,-37.71851714906257,145.30378523713912
Ringwood,-37.722705387086066,145.29689758806302
Ringwood,-37.735942078072405,145.29208238798105
Ringwood,-37.728987503066946,145.2924419807719
Ringwood,-37.72819272618924,145.29503543513266
Ringwood,-37.72498717387168,145.29966359770955
Ringwood,-37.71915471512945,145.2935510028934
Ringwood,-37.72353251250345,145.30050503227181
Ringwood,-37.71987877643749,145.29920548174326
Ringwood,-37.7282237260077,145.29223294371556
Ringwood,-37.728232916708976,145.29498963288847
Ringwood,-37.73745862365206,145.30120469192286
Ringwood,-37.7182663345628,145.30619866606466
Ringwood,-37.729922959362625,145.29725155885924
Ringwood,-37.727412332584144,145.29838183472265
Ringwood,-37.71854195591729,145.2996819494081
Ringwood,-37.72869076573422,145.30758303527608
Ringwood,-37.733829485479326,145.30578957159997
Ringwood,-37.72494073075894,145.3002029230235
Ringwood,-37.736668072197915,145.28854439034265
Ringwood,-37.73644154777746,145.30021571596697
Ringwood,-37.73751613293468,145.29745861060894
Ringwood,-37.72436382771365,145.29425159049967
Ringwood,-37.728997939041555,145.2889521203772
Ringwood,-37.72200934012464,145.30032941258006
Bundoora,-37.831092030419015,145.2333746306118
Bundoora,-37.84906263981538,145.22285545594778
Bundoora,-37.83546262926797,145.22226425744935
Bundoora,-37.839812793355335,145.21950803173908
Bundoora,-37.84944027148103,145.23539692233342
Bundoora,-37.83422871235276,145.23666854223012
Bundoora,-37.84244450107718,145.23012633243366
Bundoora,-37.842117615129595,145.230230602969
Bundoora,-37.832979182596624,145.2296940765574
Bundoora,-37.84978426000784,145.22502630183217
Bundoora,-37.84010133744035,145.22003174450018
Bundoora,-37.835201155861185,145.22270184698164
Bundoora,-37.84385653202336,145.22772818529484
Bundoora,-37.849253443809154,145.22583886241472
Bundoora,-37.84116543125173,145.22387802783834
Bundoora,-37.83813577251093,145.2261922227346
Bundoora,-37.83726461329662,145.2307922588137
Bundoora,-37.84336919091507,145.22948936282893
Bundoora,-37.84106462056524,145.2245132884071
Bundoora,-37.837073892601815,145.23486051510142
Bundoora,-37.83660240691811,145.22370353376132
Bundoora,-37.837641967239804,145.22660881745554
Bundoora,-37.84583141300324,145.23344010921892
Bundoora,-37.84880423653781,145.22523932481738
Bundoora,-37.83683913545143,145.2173472981119
Bundoora,-37.83407676670286,145.23367854261738
Bundoora,-37.84508307891647,145.23364485433885
Bundoora,-37.84013204731002,145.23251914434945
Bundoora,-37.844712941875365,145.23625428409665
Bundoora,-37.847521500072645,145.21885033491432
Bundoora,-37.84121352547737,145.22654620172358
Bundoora,-37.836634744374905,145.22515406094035
Bundoora,-37.84391935804537,145.22823659968583
Bundoora,-37.83926519392486,145.22090359217054
Bundoora,-37.83580211705186,145.22778960453908
Bundoora,-37.84835311891707,145.22451072281126
